1,file_name,seed,target_tests,actual_tests,test_count_error,target_requirements,actual_requirements,requirement_count_error,target_avg_tests_per_requirement,actual_avg_tests_per_requirement,avg_requirement_degree_error,target_singleton_rate,actual_singleton_rate,singleton_rate_error,target_links,actual_links,nominal_density,actual_density,singleton_count,uncovered_requirements,min_requirement_degree,max_requirement_degree,mean_requirement_degree,median_requirement_degree,std_requirement_degree,min_test_degree,max_test_degree,mean_test_degree,median_test_degree,std_test_degree,generation_time_ms,sha256success,
RP1_1,RP1_1.txt,1001,500,500,0,250,250,0,3.6,3.584,0.016,0.05,0.056,0.006,900,896,0.0072,0.007168,14,0,1,13,3.584,3,1.7003,1,6,1.792,2,0.9081,35,1461232b60d41df109d4c959829c9846ee84791f40ef53cbb4023588880747c5,TRUE
RP2_1,RP2_1.txt,1002,500,500,0,250,250,0,3.6,3.588,0.012,0.05,0.052,0.002,900,897,0.0072,0.007176,13,0,1,13,3.588,3,2.0046,1,7,1.794,2,0.9527,3,d8d4a6b850cd240923cc95b8f6ea12ce6ac58559d6eef812dd9a57db47a46be5,TRUE
RP3_1,RP3_1.txt,1003,500,500,0,250,250,0,3.6,3.6,0,0.05,0.052,0.002,900,900,0.0072,0.0072,13,0,1,10,3.6,3,1.7041,1,5,1.8,2,0.8786,15,21aa430f1e71add707928526ce32876643d3f896937757f584934df23a71213c,TRUE
RP4_1,RP4_1.txt,1004,500,500,0,250,250,0,3.6,3.584,0.016,0.05,0.052,0.002,900,896,0.0072,0.007168,13,0,1,10,3.584,3,1.719,1,7,1.792,2,0.9278,15,e72f8c8679f75946538e2c3d84b576bfab39c84150c96c99226fe2e9d9d6d99c,TRUE
RP5_1,RP5_1.txt,1005,500,500,0,250,250,0,3.6,3.592,0.008,0.05,0.052,0.002,900,898,0.0072,0.007184,13,0,1,13,3.592,3,2.073,1,6,1.796,2,0.857,19,a7feca81793b89560df5acf3afb167ae35fe7ebd543863f9fba84402dfe504aa,TRUE
RP6_1,RP6_1.txt,1001,1200,1200,0,600,600,0,3.6,3.5967,0.003333,0.05,0.05,0,2160,2158,0.003,0.00299722,30,0,1,13,3.5967,3,1.7741,1,7,1.7983,2,0.8941,20,cfadfbd0f6dd2263093716b5bd39dfa6aa2e7d45980b079bb180539934db64d2,TRUE
RP7_1,RP7_1.txt,1002,1200,1200,0,600,600,0,3.6,3.6,0,0.05,0.05,0,2160,2160,0.003,0.003,30,0,1,16,3.6,3,1.9261,1,7,1.8,2,0.912,24,35937080123066d32ff30f5cef166cab247c4f82ac59aacd40e9f56209770785,TRUE
RP8_1,RP8_1.txt,1003,1200,1200,0,600,600,0,3.6,3.5967,0.003333,0.05,0.05,0,2160,2158,0.003,0.00299722,30,0,1,11,3.5967,3,1.7571,1,12,1.7983,2,0.9359,20,1b990620cda3ec29af225d1447b6bc04d0409726d19ef6df6f475b9d9468af54,TRUE
RP9_1,RP9_1.txt,1004,1200,1200,0,600,600,0,3.6,3.5983,0.001667,0.05,0.05,0,2160,2159,0.003,0.00299861,30,0,1,12,3.5983,3,1.7702,1,7,1.7992,2,0.9213,20,4f96024f2906bf30b42723d6ab7003d84bf3ed2d4cb30f5b6df5525d8c5fca78,TRUE
RP10_1,RP10_1.txt,1005,1200,1200,0,600,600,0,3.6,3.5967,0.003333,0.05,0.05,0,2160,2158,0.003,0.00299722,30,0,1,14,3.5967,3,1.9834,1,7,1.7983,2,0.9015,18,cf8f69c4c5cbb133c1f0dfd5cf91655c975ba7e10e88918d9721db0351a64b63,TRUE
RP1_2,RP1_2.txt,1001,500,500,0,250,250,0,3.6,3.584,0.016,0.05,0.056,0.006,900,896,0.0072,0.007168,14,0,1,13,3.584,3,1.7003,1,6,1.792,2,0.9081,0,1461232b60d41df109d4c959829c9846ee84791f40ef53cbb4023588880747c5,TRUE
RP2_2,RP2_2.txt,1002,500,500,0,250,250,0,3.6,3.588,0.012,0.05,0.052,0.002,900,897,0.0072,0.007176,13,0,1,13,3.588,3,2.0046,1,7,1.794,2,0.9527,10,d8d4a6b850cd240923cc95b8f6ea12ce6ac58559d6eef812dd9a57db47a46be5,TRUE
RP3_2,RP3_2.txt,1003,500,500,0,250,250,0,3.6,3.6,0,0.05,0.052,0.002,900,900,0.0072,0.0072,13,0,1,10,3.6,3,1.7041,1,5,1.8,2,0.8786,0,21aa430f1e71add707928526ce32876643d3f896937757f584934df23a71213c,TRUE
RP4_2,RP4_2.txt,1004,500,500,0,250,250,0,3.6,3.584,0.016,0.05,0.052,0.002,900,896,0.0072,0.007168,13,0,1,10,3.584,3,1.719,1,7,1.792,2,0.9278,0,e72f8c8679f75946538e2c3d84b576bfab39c84150c96c99226fe2e9d9d6d99c,TRUE
RP5_2,RP5_2.txt,1005,500,500,0,250,250,0,3.6,3.592,0.008,0.05,0.052,0.002,900,898,0.0072,0.007184,13,0,1,13,3.592,3,2.073,1,6,1.796,2,0.857,0,a7feca81793b89560df5acf3afb167ae35fe7ebd543863f9fba84402dfe504aa,TRUE
RP6_2,RP6_2.txt,1001,1200,1200,0,600,600,0,3.6,3.5967,0.003333,0.05,0.05,0,2160,2158,0.003,0.00299722,30,0,1,13,3.5967,3,1.7741,1,7,1.7983,2,0.8941,17,cfadfbd0f6dd2263093716b5bd39dfa6aa2e7d45980b079bb180539934db64d2,TRUE
RP7_2,RP7_2.txt,1002,1200,1200,0,600,600,0,3.6,3.6,0,0.05,0.05,0,2160,2160,0.003,0.003,30,0,1,16,3.6,3,1.9261,1,7,1.8,2,0.912,18,35937080123066d32ff30f5cef166cab247c4f82ac59aacd40e9f56209770785,TRUE
RP8_2,RP8_2.txt,1003,1200,1200,0,600,600,0,3.6,3.5967,0.003333,0.05,0.05,0,2160,2158,0.003,0.00299722,30,0,1,11,3.5967,3,1.7571,1,12,1.7983,2,0.9359,15,1b990620cda3ec29af225d1447b6bc04d0409726d19ef6df6f475b9d9468af54,TRUE
RP9_2,RP9_2.txt,1004,1200,1200,0,600,600,0,3.6,3.5983,0.001667,0.05,0.05,0,2160,2159,0.003,0.00299861,30,0,1,12,3.5983,3,1.7702,1,7,1.7992,2,0.9213,21,4f96024f2906bf30b42723d6ab7003d84bf3ed2d4cb30f5b6df5525d8c5fca78,TRUE
RP10_2,RP10_2.txt,1005,1200,1200,0,600,600,0,3.6,3.5967,0.003333,0.05,0.05,0,2160,2158,0.003,0.00299722,30,0,1,14,3.5967,3,1.9834,1,7,1.7983,2,0.9015,13,cf8f69c4c5cbb133c1f0dfd5cf91655c975ba7e10e88918d9721db0351a64b63,TRUE
